"Status","Start Time","Stop Time","Duration in ms","Parent Suite","Suite","Sub Suite","Test Class","Test Method","Name","Description"
"passed","Mon Dec 28 17:54:55 CST 2020","Mon Dec 28 17:54:55 CST 2020","0","","test_calculator2","TestCalculator2","","","test_add[0-0-0]",""
"passed","Mon Dec 28 17:54:55 CST 2020","Mon Dec 28 17:54:55 CST 2020","0","","test_calculator2","TestCalculator2","","","test_add[1-1-2]",""
"passed","Mon Dec 28 17:54:55 CST 2020","Mon Dec 28 17:54:55 CST 2020","0","","test_calculator2","TestCalculator2","","","test_mul[-1--2-2]",""
"passed","Mon Dec 28 17:54:55 CST 2020","Mon Dec 28 17:54:55 CST 2020","1","","test_calculator2","TestCalculator2","","","test_div[-1--2--3]",""
"passed","Mon Dec 28 17:54:55 CST 2020","Mon Dec 28 17:54:55 CST 2020","1","","test_calculator2","TestCalculator2","","","test_mul[1-1-1]",""
"passed","Mon Dec 28 17:54:55 CST 2020","Mon Dec 28 17:54:55 CST 2020","1","","test_calculator2","TestCalculator2","","","test_add[1000-2000-3000]",""
"passed","Mon Dec 28 17:54:55 CST 2020","Mon Dec 28 17:54:55 CST 2020","2","","test_calculator2","TestCalculator2","","","test_div[0-0-0]",""
"passed","Mon Dec 28 17:54:55 CST 2020","Mon Dec 28 17:54:55 CST 2020","0","","test_calculator2","TestCalculator2","","","test_sub[0-0-0]",""
"passed","Mon Dec 28 17:54:55 CST 2020","Mon Dec 28 17:54:55 CST 2020","0","","test_calculator2","TestCalculator2","","","test_sub[1-1-0]",""
"passed","Mon Dec 28 17:54:55 CST 2020","Mon Dec 28 17:54:55 CST 2020","1","","test_calculator2","TestCalculator2","","","test_mul[0-0-0]",""
"passed","Mon Dec 28 17:54:55 CST 2020","Mon Dec 28 17:54:55 CST 2020","0","","test_calculator2","TestCalculator2","","","test_div[1-1-1]",""
"passed","Mon Dec 28 17:54:55 CST 2020","Mon Dec 28 17:54:55 CST 2020","0","","test_calculator2","TestCalculator2","","","test_sub[-1--2-1]",""
"passed","Mon Dec 28 17:54:55 CST 2020","Mon Dec 28 17:54:55 CST 2020","0","","test_calculator2","TestCalculator2","","","test_add[-1--2--3]",""
"passed","Mon Dec 28 17:54:55 CST 2020","Mon Dec 28 17:54:55 CST 2020","0","","test_calculator2","TestCalculator2","","","test_mul[1000-2000-2000000]",""
"passed","Mon Dec 28 17:54:55 CST 2020","Mon Dec 28 17:54:55 CST 2020","1","","test_calculator2","TestCalculator2","","","test_div[1000-2000-0.5]",""
"passed","Mon Dec 28 17:54:55 CST 2020","Mon Dec 28 17:54:55 CST 2020","0","","test_calculator2","TestCalculator2","","","test_sub[1000-2000--1000]",""
